{
  "roc_auc": 0.9862471688412746,
  "pr_auc": 0.9655545324114828,
  "f1_at_0_5": 0.9108910891089109,
  "best_threshold": 0.55
}